"","kill_num","species","dod","utm_e","utm_n","age","year","month","day","jday","season","long","lat"
"1","20790","unk deer",2014-11-10,526714,4986083,"young",2014,11,10,314,"fall",-110.660892234775,45.0276959167419
"2","20509","elk",2015-01-07,532908,4982793,"young",2015,1,7,7,"winter",-110.582482676044,44.9978199068075
"3","10228","elk",2015-01-08,535790,4982629,"young",2015,1,8,8,"winter",-110.545930319897,44.9962041096937
"4","32157","mule deer",2015-01-19,522929,4979693,"unk",2015,1,19,19,"winter",-110.709229462727,44.9703068910936
"5","20719","elk",2015-01-20,540808,4980910,"unk",2015,1,20,20,"winter",-110.48240840245,44.9804595399067
"6","32195","wt deer",2015-01-26,535851,4982662,"young",2015,1,26,26,"winter",-110.545154083958,44.9964980845539
"7","20764","elk",2015-01-28,532991,4984591,"unk",2015,1,28,28,"winter",-110.581311764511,45.0140010676024
"8","10471","elk",2015-02-09,529020,4983647,"young",2015,2,9,40,"winter",-110.631761000454,45.0056770730378
"9","20792","elk",2015-02-09,529023,4983642,"young",2015,2,9,40,"winter",-110.631723222195,45.0056319416313
"10","10694","elk",2015-02-09,528556,4984763,"young",2015,2,9,40,"winter",-110.637585295572,45.0157418356174
"11","32614","mule deer",2015-03-08,532239,4981835,"young",2015,3,8,67,"winter",-110.591031674493,44.9892269852914
"12","10721","porcupine",2015-03-09,569061,4973873,"unk",2015,3,9,68,"winter",-110.12505530599,44.9149336654481
"13","33019","bh sheep",2015-12-27,545085,4978635,"yearling",2015,12,27,361,"winter",-110.428366753922,44.9597223359785
"14","50104","mule deer",2016-01-01,532266,4981762,"unk",2016,1,1,1,"winter",-110.59069385118,44.9885686331142
"15","33003","wt deer",2016-01-02,543417,4978528,"yearling",2016,1,2,2,"winter",-110.449523559985,44.9588630622293
"16","50056","mule deer",2016-01-03,528489,4985991,"unk",2016,1,3,3,"winter",-110.638366018282,45.026798635401
"17","50071","mule deer",2016-01-05,527102,4978180,"unk",2016,1,5,5,"winter",-110.656392404241,44.9565401407283
"18","70051","other",2016-01-07,548275,4795278,"unk",2016,1,7,7,"winter",-110.404740550954,43.3087869102527
"19","33104","elk",2016-01-08,537054,4981671,"old adult",2016,1,8,8,"winter",-110.529964908102,44.9875156581119
"20","70129","mule deer",2016-01-10,546723,4977290,"adult",2016,1,10,10,"winter",-110.407724170979,44.9475094563849
"21","70088","elk",2016-01-13,530780,4984800,"young",2016,1,13,13,"winter",-110.60935806183,45.0159818424023
"22","50109","elk",2016-01-16,525737,4985912,"young",2016,1,16,16,"winter",-110.67330283213,45.0261927705915
"23","50117","elk",2016-01-18,532339,4984425,"old adult",2016,1,18,18,"winter",-110.58959674372,45.012536824402
"24","33138","elk",2016-01-18,532341,4984413,"old adult",2016,1,18,18,"winter",-110.589572134586,45.01242871308
"25","33117","elk",2016-01-21,525158,4977813,"adult",2016,1,21,21,"winter",-110.681056945068,44.9533079521154
"26","70133","wt deer",2016-01-21,543255,4978367,"adult",2016,1,21,21,"winter",-110.45159124027,44.9574236893532
"27","70466","elk",2016-01-22,542427,4978628,"young",2016,1,22,22,"winter",-110.462066623168,44.9598230320691
"28","62","other",2016-01-23,530180,4984664,"adult",2016,1,23,23,"winter",-110.616980903397,45.0147834033936
"29","57","other",2016-01-26,555404,4974356,"adult",2016,1,26,26,"winter",-110.298010467042,44.9204757987167
"30","70210","mule deer",2016-01-29,544770,4978878,"unk",2016,1,29,29,"winter",-110.432338876351,44.9619296321301
"31","70229","mule deer",2016-01-29,544809,4978933,"yearling",2016,1,29,29,"winter",-110.431839513678,44.9624222580919
"32","50177","elk",2016-01-30,566700,4968077,"young",2016,1,30,30,"winter",-110.155727473923,44.8629883907557
"33","70235","other",2016-02-02,543450,4979020,"unk",2016,2,2,33,"winter",-110.44906279373,44.9632898181637
"34","70368","elk",2016-02-02,533459,4982189,"yearling",2016,2,2,33,"winter",-110.575532242874,44.9923571170133
"35","70485","elk",2016-02-03,544337,4977389,"young",2016,2,3,34,"winter",-110.437959685254,44.9485534600323
"36","70484","elk",2016-02-07,544256,4977607,"young",2016,2,7,38,"winter",-110.438967319779,44.9505208517957
"37","70257","elk",2016-02-08,540588,4982015,"young",2016,2,8,39,"winter",-110.485109641438,44.990418904538
"38","70475","elk",2016-02-12,538362,4982493,"young",2016,2,12,43,"winter",-110.5133107175,44.9948454943126
"39","71","mule deer",2016-02-13,528417,4985937,"young",2016,2,13,44,"winter",-110.639283007417,45.0263154335948
"40","70474","elk",2016-02-14,539153,4982449,"old adult",2016,2,14,45,"winter",-110.503279289884,44.9944062188225
"41","70473","mule deer",2016-02-17,540790,4981893,"young",2016,2,17,48,"winter",-110.482557100038,44.9893091308154
"42","50270","mule deer",2016-02-18,541054,4981193,"adult",2016,2,18,49,"winter",-110.479265309788,44.9829928048706
"43","70459","wt deer",2016-02-20,540850,4980765,"young",2016,2,20,51,"winter",-110.481887469211,44.9791518938087
"44","76","elk",2016-02-21,540306,4978479,"yearling",2016,2,21,52,"winter",-110.488969661827,44.958605288689
"45","70460","elk",2016-02-24,540412,4981223,"yearling",2016,2,24,55,"winter",-110.487405792498,44.9832996915947
"46","70467","elk",2016-03-01,542522,4978723,"young",2016,3,1,61,"winter",-110.46085415938,44.9606725034666
"47","33353","elk",2016-03-06,546844,4976507,"young",2016,3,6,66,"winter",-110.406263075434,44.9404532924972
"48","70472","elk",2016-03-10,543837,4977139,"young",2016,3,10,70,"winter",-110.444319374799,44.946334079542
"49","33354","elk",2016-03-15,543264,4978580,"young",2016,3,15,75,"winter",-110.451458870701,44.9593404778627
"50","33356","elk",2016-03-16,544962,4979045,"old adult",2016,3,16,76,"winter",-110.429889644628,44.9634207630615
"51","33361","elk",2016-03-26,539703,4980465,"adult",2016,3,26,86,"spring",-110.496458272361,44.9765164800127
"52","50373","mule deer",2016-03-27,537345,4981141,"young",2016,3,27,87,"spring",-110.526312951103,44.9827295356747
"53","5519","elk",2016-12-08,526916,4985274,"unk",2016,12,8,343,"fall",-110.658371405895,45.0204058757704
"54","33081","mule deer",2016-12-10,545081,4978635,"unk",2016,12,10,345,"fall",-110.428417467444,44.9597225898106
"55","8015","other",2017-01-05,548411,4970471,"yearling",2017,1,5,5,"winter",-110.38698073856,44.8860149686224
"56","8042","bh sheep",2017-01-16,563671,4972380,"adult",2017,1,16,16,"winter",-110.193522967338,44.9019976297877
"57","4069","bh sheep",2017-01-21,564444,4969632,"unk",2017,1,21,21,"winter",-110.184082693985,44.8771928094196
"58","8151","mule deer",2017-02-01,538951,4981752,"young",2017,2,1,32,"winter",-110.505895811593,44.9881432168552
"59","4140","mule deer",2017-02-16,533405,4982061,"unk",2017,2,16,47,"winter",-110.576225770475,44.9912074442914
"60","5618","unk deer",2017-02-18,543502,4979035,"unk",2017,2,18,49,"winter",-110.448402180902,44.9634216590818
"61","8169","mule deer",2017-02-20,532619,4983801,"unk",2017,2,20,51,"winter",-110.586083910183,45.0069069540399
"62","8176","mule deer",2017-02-26,543728,4978380,"unk",2017,2,26,57,"winter",-110.445593459655,44.9575117560411
"63","8140","elk",2017-02-27,536708,4980690,"adult",2017,2,27,58,"winter",-110.53442529977,44.9787030128113
"64","8149","mule deer",2017-02-27,538911,4981655,"young",2017,2,27,58,"winter",-110.506410697564,44.9872722546076
"65","5638","mule deer",2017-02-27,543786,4977972,"yearling",2017,2,27,58,"winter",-110.444893549606,44.9538355417872
"66","4191","elk",2017-02-28,531209,4985066,"adult",2017,2,28,59,"winter",-110.603897063814,45.0183575376619
"67","9147","mule deer",2017-03-01,534675,4981507,"adult",2017,3,1,60,"winter",-110.560153220137,44.9861595962086
"68","5629","porcupine",2017-03-01,536476,4973715,"adult",2017,3,1,60,"winter",-110.537871777584,44.9159279949982
"69","5663","unk deer",2017-03-01,539757,4980799,"young",2017,3,1,60,"winter",-110.495747081419,44.979519997036
"70","5678","mule deer",2017-03-14,532080,4983754,"unk",2017,3,14,73,"winter",-110.592926328161,45.0065084581879
"71","19-055","mule deer",2019-03-01,518433,4984789,"young",2019,3,1,60,"winter",-110.766057694047,45.0163113118751
"72","19-071","elk",2019-02-28,533829,4969485,"adult",2019,2,28,59,"winter",-110.571689414361,44.8779809962684
"73","19-074","mule deer",2019-03-05,514876,4987807,"young",2019,3,5,64,"winter",-110.811111726929,45.0435623871759
"74","19-082","mule deer",2019-02-24,529738,4985342,"adult",2019,2,24,55,"winter",-110.622550177217,45.0209052329927
"75","19-083","mule deer",2019-03-04,529716,4985298,"young",2019,3,4,63,"winter",-110.622832006813,45.020510080752
"76","19-084","elk",2019-02-25,529369,4985105,"yearling",2019,2,25,56,"winter",-110.62724745591,45.0187872117088
"77","19-096","porcupine",2019-03-02,533376,4969691,"adult",2019,3,2,61,"winter",-110.57741113844,44.8798567478519
"78","19-099","mule deer",2019-03-16,526170,4986879,"adult",2019,3,16,75,"winter",-110.667756204448,45.0348815859167
"79","19-102","mule deer",2019-03-11,535541,4983021,"adult",2019,3,11,70,"winter",-110.549061621967,44.9997452731348
"80","19-103","elk",2019-03-12,536920,4982679,"yearling",2019,3,12,71,"winter",-110.531590753795,44.9965962927224
"81","19-104","elk",2019-03-16,534139,4982380,"young",2019,3,16,75,"winter",-110.566892917324,44.9940440502009
"82","19-106","mule deer",2019-02-22,526238,4986968,"young",2019,2,22,53,"winter",-110.66688827045,45.0356802241938
"83","19-107","mule deer",2019-02-23,526163,4986905,"young",2019,2,23,54,"winter",-110.667843718213,45.0351158891377
"84","19-108","mule deer",2019-03-05,526172,4986824,"young",2019,3,5,64,"winter",-110.667733678679,45.0343864174114
"85","19-109","elk",2019-03-05,526218,4986510,"young",2019,3,5,64,"winter",-110.667166079939,45.0315581759519
"86","19-110","elk",2019-02-15,526207,4986423,"adult",2019,2,15,46,"winter",-110.667310258221,45.0307754326855
"87","19-111","mule deer",2019-02-25,526168,4986410,"young",2019,2,25,56,"winter",-110.667806019732,45.0306598513781
"88","19-112","elk",2019-02-22,526147,4986391,"young",2019,2,22,53,"winter",-110.668073591776,45.0304895936654
"89","19-113","mule deer",2019-03-03,526150,4986385,"adult",2019,3,3,62,"winter",-110.66803582075,45.0304354726091
"90","19-115","elk",2019-03-02,526265,4986442,"young",2019,3,2,61,"winter",-110.666572985623,45.0309443182645
"91","19-120","elk",2019-03-11,526158,4986440,"yearling",2019,3,11,70,"winter",-110.667931402663,45.0309302723624
"92","19-121","mule deer",2019-03-21,527064,4986251,"young",2019,3,21,80,"spring",-110.656440364377,45.0291949273415
"93","19-122","mule deer",2019-03-18,527567,4986276,"adult",2019,3,18,77,"winter",-110.650053857907,45.0294005835704
"94","19-123","mule deer",2019-03-22,526737,4986374,"young",2019,3,22,81,"spring",-110.660584796558,45.0303145508595
"95","19-124","mule deer",2019-03-24,525313,4986164,"yearling",2019,3,24,83,"spring",-110.678672174533,45.0284764786042
"96","19-125","elk",2019-03-12,527396,4986191,"yearling",2019,3,12,71,"winter",-110.6522291912,45.0286420685603
"97","19-133","elk",2019-03-20,528837,4985514,"young",2019,3,20,79,"winter",-110.63397602493,45.0224907494771
"98","19-135","mule deer",2019-03-17,528609,4986147,"young",2019,3,17,76,"winter",-110.636833912015,45.0281980675025
"99","19-137","mule deer",2019-03-01,526220,4986800,"young",2019,3,1,60,"winter",-110.667125557979,45.0341686016033
"100","19-138","mule deer",2019-03-05,526222,4986790,"young",2019,3,5,64,"winter",-110.667100689418,45.0340785103863
"101","19-139","mule deer",2019-02-28,526244,4986851,"young",2019,2,28,59,"winter",-110.66681820866,45.0346268008652
"102","19-140","mule deer",2019-03-09,526495,4987512,"young",2019,3,9,68,"winter",-110.663596820072,45.0405675918779
"103","19-143","mule deer",2019-03-27,527910,4982662,"young",2019,3,27,86,"spring",-110.645900298637,44.9968548920525
"104","19-144","elk",2019-03-12,526777,4978457,"young",2019,3,12,71,"winter",-110.660498079049,44.9590459718237
"105","19-145","elk",2019-03-24,526659,4978307,"young",2019,3,24,83,"spring",-110.662002086184,44.95770013407
"106","19-148","mule deer",2019-03-16,540416,4981851,"yearling",2019,3,16,75,"winter",-110.487304668927,44.9889524611954
"107","19-149","elk",2019-03-18,540914,4981331,"young",2019,3,18,77,"winter",-110.481029808718,44.9842431062559
"108","19-155","mule deer",2019-03-28,531085,4985095,"young",2019,3,28,87,"spring",-110.605469034962,45.0186240340131
"109","19-156","elk",2019-03-29,528844,4985893,"young",2019,3,29,88,"spring",-110.633865430594,45.0259021107745
"110","16-239","elk",2016-03-16,544962,4979045,"old adult",2016,3,16,76,"winter",-110.429889644628,44.9634207630615
"111","16-300","elk",2016-05-23,544609,4978406,"young",2016,5,23,144,"spring",-110.43442191915,44.9576910282268
"112","16-301","marmot",2016-06-05,545034,4977263,"adult",2016,6,5,157,"spring",-110.429135806007,44.9473754399684
"113","16-302","marmot",2016-06-12,544444,4977437,"unk",2016,6,12,164,"spring",-110.436599132706,44.9489788523785
"114","16-303","marmot",2016-06-14,545005,4977447,"adult",2016,6,14,166,"spring",-110.429486992943,44.9490335642978
"115","16-304","elk",2016-05-15,542532,4979535,"young",2016,5,15,136,"spring",-110.460658887456,44.9679811911565
"116","16-305","elk",2016-06-05,579503,4965734,"young",2016,6,5,157,"spring",-109.994060354914,44.8405866757221
"117","16-306","fox",2016-06-17,543811,4978627,"adult",2016,6,17,169,"spring",-110.444519739111,44.959730030378
"118","16-307","elk",2016-05-23,565906,4988856,"old adult",2016,5,23,144,"spring",-110.163062145098,45.0500947899879
"119","16-308","elk",2016-06-28,544676,4976217,"young",2016,6,28,180,"summer",-110.433766259971,44.9379823834012
"120","16-309","marmot",2016-07-08,544822,4977228,"adult",2016,7,8,190,"summer",-110.431826155789,44.9470737862258
"121","16-310","unk deer",2016-06-25,544788,4976166,"young",2016,6,25,177,"summer",-110.432351339506,44.9375162560126
"122","16-311","marmot",2016-06-24,544781,4976203,"unk",2016,6,24,176,"summer",-110.432436772941,44.9378497555219
"123","16-312","marmot",2016-07-06,544466,4976552,"adult",2016,7,6,188,"summer",-110.43639821752,44.9410110798473
"124","16-313","marmot",2016-06-18,608196,4952744,"adult",2016,6,18,170,"spring",-109.633861837248,44.7199061651201
"125","16-314","mule deer",2016-07-05,613663,4960366,"adult",2016,7,5,187,"summer",-109.563154771291,44.7876537648939
"126","16-315","elk",2016-06-26,582189,4952879,"yearling",2016,6,26,178,"summer",-109.96215556482,44.7245771435272
"127","16-316","mule deer",2016-07-15,545387,4978741,"young",2016,7,15,197,"summer",-110.42452834674,44.9606572693736
"128","16-317","fox",2016-07-17,545117,4978550,"unk",2016,7,17,199,"summer",-110.427968648526,44.9589551734352
"129","16-318","cottontail",2016-06-17,618159,4954579,"unk",2016,6,17,169,"spring",-109.507680031667,44.7348460371371
"130","16-319","mule deer",2016-11-19,542030,4978286,"young",2016,11,19,324,"fall",-110.467128476197,44.9567680816527
"131","16-320","elk",2016-11-28,542612,4978744,"young",2016,11,28,333,"fall",-110.459711306021,44.9608561441461
"132","16-321","elk",2016-11-23,543464,4977987,"young",2016,11,23,328,"fall",-110.448974292257,44.9539903341795
"133","16-322","mule deer",2016-11-17,541195,4977198,"young",2016,11,17,322,"fall",-110.477803284797,44.9470232132914
"134","16-323","elk",2016-11-14,543723,4977031,"young",2016,11,14,319,"fall",-110.445773733307,44.9453689295947
"135","16-324","mule deer",2016-11-22,543929,4977810,"young",2016,11,22,327,"fall",-110.443094825671,44.9523684605458
"136","16-325","unk deer",2016-12-02,544557,4976171,"young",2016,12,2,337,"fall",-110.435278478322,44.9375757781076
"137","16-326","elk",2016-12-03,543806,4977988,"yearling",2016,12,3,338,"fall",-110.444638618082,44.9539783343324
"138","16-327","mule deer",2016-12-12,546104,4977878,"young",2016,12,12,347,"fall",-110.415516685592,44.9528427826647
"139","16-328","elk",2016-01-22,542427,4978628,"young",2016,1,22,22,"winter",-110.462066623168,44.9598230320691
"140","16-329","elk",2016-02-03,544337,4977389,"young",2016,2,3,34,"winter",-110.437959685254,44.9485534600323
"141","16-330","elk",2016-02-07,544256,4977607,"young",2016,2,7,38,"winter",-110.438967319779,44.9505208517957
"142","16-331","elk",2016-02-12,538362,4982493,"young",2016,2,12,43,"winter",-110.5133107175,44.9948454943126
"143","16-332","elk",2016-02-14,539153,4982449,"old adult",2016,2,14,45,"winter",-110.503279289884,44.9944062188225
"144","16-333","mule deer",2016-02-17,540790,4981893,"young",2016,2,17,48,"winter",-110.482557100038,44.9893091308154
"145","16-334","mule deer",2016-02-18,541054,4981193,"adult",2016,2,18,49,"winter",-110.479265309788,44.9829928048706
"146","16-335","elk",2016-02-24,540412,4981223,"yearling",2016,2,24,55,"winter",-110.487405792498,44.9832996915947
"147","16-336","wt deer",2016-02-20,540850,4980765,"young",2016,2,20,51,"winter",-110.481887469211,44.9791518938087
"148","16-337","elk",2016-02-21,540306,4978479,"yearling",2016,2,21,52,"winter",-110.488969661827,44.958605288689
"149","16-338","elk",2016-03-01,542522,4978723,"young",2016,3,1,61,"winter",-110.46085415938,44.9606725034666
"150","16-339","elk",2016-03-06,546844,4976507,"young",2016,3,6,66,"winter",-110.406263075434,44.9404532924972
"151","16-340","elk",2016-03-10,543837,4977139,"young",2016,3,10,70,"winter",-110.444319374799,44.946334079542
"152","16-341","elk",2016-03-15,543264,4978580,"young",2016,3,15,75,"winter",-110.451458870701,44.9593404778627
"153","16-342","elk",2016-03-26,539703,4980465,"adult",2016,3,26,86,"spring",-110.496458272361,44.9765164800127
"154","16-343","mule deer",2016-03-27,537345,4981141,"young",2016,3,27,87,"spring",-110.526312951103,44.9827295356747
"155","16-344","elk",2016-12-14,547539,4975955,"young",2016,12,14,349,"fall",-110.397506559494,44.9354383146496
"156","17-316","elk",2017-02-18,535118,4981921,"old adult",2017,2,18,49,"winter",-110.554505139002,44.9898645089501
"157","17-317","elk",2017-02-26,534177,4982595,"young",2017,2,26,57,"winter",-110.566396246434,44.9959775814794
"158","17-318","mule deer",2017-03-01,542777,4978668,"adult",2017,3,1,60,"winter",-110.457625767074,44.9601621073934
"159","17-319","elk",2017-03-02,534384,4982305,"young",2017,3,2,61,"winter",-110.563789917268,44.9933570950324
"160","17-320","elk",2017-03-04,543560,4978884,"young",2017,3,4,63,"winter",-110.44767982743,44.9620588681267
"161","17-321","elk",2017-03-08,534493,4982408,"young",2017,3,8,67,"winter",-110.562400081002,44.9942789774681
"162","17-323","elk",2017-03-10,545577,4978630,"young",2017,3,10,69,"winter",-110.422129447685,44.9596459352498
"163","17-324","mule deer",2017-03-13,527518,4977401,"unk",2017,3,13,72,"winter",-110.651160807981,44.9495117219011
"164","17-325","mule deer",2017-03-14,546707,4976663,"unk",2017,3,14,73,"winter",-110.407984994745,44.9418665466599
"165","17-326","mule deer",2017-03-16,534974,4982376,"young",2017,3,16,75,"winter",-110.556300216809,44.993967379605
"166","17-327","elk",2017-03-18,537696,4983258,"yearling",2017,3,18,77,"winter",-110.521702512,45.001767424161
"167","17-328","elk",2017-03-17,544708,4975868,"yearling",2017,3,17,76,"winter",-110.433391600591,44.9348388180703
"168","17-329","mule deer",2017-03-25,540556,4978867,"unk",2017,3,25,84,"spring",-110.48576889998,44.9620836928901
"169","17-330","elk",2017-03-26,534990,4981425,"young",2017,3,26,85,"spring",-110.556163311457,44.9854059999391
"170","17-331","elk",2017-04-03,533830,4980562,"young",2017,4,3,93,"spring",-110.570935058478,44.9776937648746
"171","17-332","grouse",2017-05-11,538310,4981737,"unk",2017,5,11,131,"spring",-110.514027919291,44.9880430818232
"172","17-333","elk",2017-05-11,539920,4963374,"adult",2017,5,11,131,"spring",-110.495054628961,44.8226556604784
"173","17-334","elk",2017-05-17,537389,4975732,"yearling",2017,5,17,137,"spring",-110.526155786574,44.9340371088127
"174","17-336","elk",2017-05-23,534190,4979179,"young",2017,5,23,143,"spring",-110.566463120497,44.9652271495279
"175","17-338","elk",2017-05-24,543062,4962326,"old adult",2017,5,24,144,"spring",-110.455402222503,44.8130391366002
"176","17-339","elk",2017-05-25,531219,4982109,"young",2017,5,25,145,"spring",-110.603953599537,44.9917390598463
"177","17-340","marmot",2017-05-28,529807,4979533,"adult",2017,5,28,148,"spring",-110.62201831866,44.9686112332708
"178","17-341","elk",2017-05-28,541997,4963783,"young",2017,5,28,148,"spring",-110.468750083162,44.8262182273505
"179","17-342","elk",2017-05-29,529905,4982277,"young",2017,5,29,149,"spring",-110.620612743381,44.9933079420498
"180","17-343","mule deer",2017-05-30,528647,4983146,"young",2017,5,30,150,"spring",-110.636522474635,45.00118236388
"181","17-344","elk",2017-05-31,527259,4984636,"young",2017,5,31,151,"spring",-110.654052575576,45.014649663302
"182","17-345","pronghorn",2017-06-02,527081,4985134,"young",2017,6,2,153,"spring",-110.656284737939,45.0191393493696
"183","17-346","mule deer",2017-06-02,530296,4961770,"adult",2017,6,2,153,"spring",-110.61688042099,44.8086897703351
"184","17-347","elk",2017-06-03,527146,4984750,"young",2017,6,3,154,"spring",-110.655480493793,45.0156801967079
"185","17-348","elk",2017-06-05,525842,4984762,"young",2017,6,5,156,"spring",-110.672029124979,45.0158369421569
"186","17-349","elk",2017-06-06,529825,4982194,"young",2017,6,6,157,"spring",-110.62163255072,44.9925641644354
"187","17-350","mule deer",2017-06-07,528094,4955737,"adult",2017,6,7,158,"spring",-110.645059010923,44.7544701216265
"188","17-351","mule deer",2017-06-07,528094,4955737,"young",2017,6,7,158,"spring",-110.645059010923,44.7544701216265
"189","17-352","pronghorn",2017-06-08,534287,4979297,"adult",2017,6,8,159,"spring",-110.565225150449,44.9662846769971
"190","17-353","elk",2017-06-11,526859,4955914,"young",2017,6,11,162,"spring",-110.660652457498,44.7561109292539
"191","17-354","mule deer",2017-06-13,537872,4980389,"adult",2017,6,13,164,"spring",-110.51968519344,44.975932379948
"192","17-355","elk",2017-06-14,538001,4981257,"young",2017,6,14,165,"spring",-110.517983735353,44.983738911117
"193","17-356","elk",2017-06-15,536940,4981682,"young",2017,6,15,166,"spring",-110.531410158554,44.9876206186647
"194","17-357","mule deer",2017-06-15,527423,4962748,"adult",2017,6,15,166,"spring",-110.653158567917,44.8176098817883
"195","17-358","mule deer",2017-06-18,541189,4979332,"young",2017,6,18,169,"spring",-110.477705107211,44.9662330207578
"196","17-359","mule deer",2017-06-18,529990,4965163,"adult",2017,6,18,169,"spring",-110.620549662284,44.8392464993389
"197","17-360","mule deer",2017-06-20,526790,4963181,"young",2017,6,20,171,"spring",-110.661141672335,44.8215318050314
"198","17-361","mule deer",2017-06-20,526710,4963093,"adult",2017,6,20,171,"spring",-110.662158176084,44.8207426221846
"199","17-362","mule deer",2017-06-21,540223,4978295,"young",2017,6,21,172,"summer",-110.490036628998,44.9569536914315
"200","17-363","elk",2017-06-23,536458,4979995,"yearling",2017,6,23,174,"summer",-110.537646270639,44.9724597326207
"201","17-364","coyote",2017-06-26,531459,4953823,"adult",2017,6,26,177,"summer",-110.602664449982,44.7371000402644
"202","17-365","mule deer",2017-06-27,527049,4957506,"young",2017,6,27,178,"summer",-110.658167460165,44.7704351803991
"203","17-366","mule deer",2017-07-02,524166,4964425,"young",2017,7,2,183,"summer",-110.69427213982,44.8328240371801
"204","17-367","grouse",2017-07-02,529681,4938708,"unk",2017,7,2,183,"summer",-110.62599662894,44.601106826013
"205","17-368","pronghorn",2017-07-02,527148,4985514,"young",2017,7,2,183,"summer",-110.655413863461,45.0225574447536
"206","17-369","elk",2017-07-04,526814,4983319,"young",2017,7,4,185,"summer",-110.65977021791,45.0028113203563
"207","17-370","porcupine",2017-07-05,525609,4955221,"unk",2017,7,5,186,"summer",-110.676480016193,44.7499182564334
"208","17-371","mule deer",2017-07-06,526257,4955599,"young",2017,7,6,187,"summer",-110.668274465117,44.7532975937544
"209","17-372","elk",2017-07-08,526185,4984766,"young",2017,7,8,189,"summer",-110.667675843122,45.0158603652299
"210","17-373","mule deer",2017-07-09,525714,4985337,"adult",2017,7,9,190,"summer",-110.673624193117,45.0210176028923
"211","17-374","mule deer",2017-07-12,533197,4958093,"adult",2017,7,12,193,"summer",-110.580435556415,44.7754604060438
"212","17-375","mule deer",2017-07-12,533309,4958115,"young",2017,7,12,193,"summer",-110.579018629554,44.7756532419403
"213","17-376","pronghorn",2017-07-13,526476,4984254,"young",2017,7,13,194,"summer",-110.664009661264,45.0112406626452
"214","17-377","pronghorn",2017-07-15,528048,4984022,"young",2017,7,15,196,"summer",-110.644073702923,45.0090918280872
"215","17-378","mule deer",2017-07-18,527122,4983044,"young",2017,7,18,199,"summer",-110.655877045474,45.0003241266275
"216","17-379","elk",2017-07-19,531812,4981490,"old adult",2017,7,19,200,"summer",-110.596470044676,44.9861406592663
"217","17-380","mule deer",2017-06-21,541463,4977224,"yearling",2017,6,21,172,"summer",-110.474404065631,44.9472416719155
"218","17-381","mule deer",2017-11-15,527663,4977772,"yearling",2017,11,15,319,"fall",-110.649302373737,44.9528457736018
"219","17-382","coyote",2017-11-19,526477,4986242,"adult",2017,11,19,323,"fall",-110.663892286667,45.02913608454
"220","17-383","mule deer",2017-11-28,526020,4986166,"adult",2017,11,28,332,"fall",-110.669697431734,45.0284688785481
"221","17-384","elk",2017-12-01,528146,4983969,"young",2017,12,1,335,"fall",-110.642833081986,45.0086108535141
"222","17-385","elk",2017-12-02,529466,4970148,"old adult",2017,12,2,336,"fall",-110.626889735948,44.8841430802804
"223","17-386","elk",2017-12-06,534371,4981304,"yearling",2017,12,6,340,"fall",-110.564023150152,44.9843470394754
"224","17-387","elk",2017-12-14,529147,4984147,"unk",2017,12,14,348,"fall",-110.630120546968,45.0101727289933
"225","18-017","elk",2018-02-12,526183,4987413,"old adult",2018,2,12,43,"winter",-110.667563332374,45.0396880221885
"226","18-018","elk",2018-02-16,526427,4987167,"young",2018,2,16,47,"winter",-110.664478341994,45.0374645415412
"227","18-019","elk",2018-02-14,537631,4982971,"young",2018,2,14,45,"winter",-110.522548678941,44.9991874121384
"228","18-028","elk",2018-02-19,533433,4982078,"adult",2018,2,19,50,"winter",-110.575869444893,44.9913591545192
"229","18-049","elk",2018-02-25,541982,4978492,"adult",2018,2,25,56,"winter",-110.467719867493,44.9586252500836
"230","18-060","elk",2018-02-25,546430,4969479,"adult",2018,2,25,56,"winter",-110.412155356569,44.8772172328409
"231","18-062","elk",2018-03-04,526517,4987565,"old adult",2018,3,4,63,"winter",-110.663314695972,45.0410438592215
"232","18-093","elk",2018-03-10,541631,4979548,"yearling",2018,3,10,69,"winter",-110.472082752342,44.968151596411
"233","18-095","elk",2018-03-14,545270,4972924,"adult",2018,3,14,73,"winter",-110.42653312487,44.9083025510455
"234","18-106","elk",2018-03-13,530386,4983953,"adult",2018,3,13,72,"winter",-110.614409532384,45.0083743936683
"235","18-107","elk",2018-03-19,530616,4984224,"young",2018,3,19,78,"winter",-110.611474466902,45.0108039643558
"236","18-110","elk",2018-03-23,542398,4975142,"adult",2018,3,23,82,"spring",-110.462727078482,44.9284451199326
"237","18-111","elk",2018-03-19,542618,4975375,"unk",2018,3,19,78,"winter",-110.459919678163,44.9305293525006
"238","18-112","elk",2018-03-17,528226,4986426,"young",2018,3,17,76,"winter",-110.641679994539,45.0307248995145
"239","18-113","elk",2018-02-26,528473,4986209,"young",2018,2,26,57,"winter",-110.638556765448,45.0287616497422
"240","18-131","elk",2018-03-29,535728,4982940,"adult",2018,3,29,88,"spring",-110.546694820106,44.9990067471006
"241","18-132","elk",2018-03-27,529656,4984167,"old adult",2018,3,27,86,"spring",-110.623660226027,45.0103316612743
"242","18-133","elk",2018-03-28,529135,4985007,"young",2018,3,28,87,"spring",-110.630223009262,45.0179146988013
"243","18-200","elk",2018-11-20,544128,4974711,"old adult",2018,11,20,324,"fall",-110.440842960035,44.9244601880083
"244","18-207","mule deer",2018-11-16,530483,4982438,"adult",2018,11,16,320,"fall",-110.613270413486,44.9947326266319
"245","18-209","mule deer",2018-11-14,518768,4984634,"young",2018,11,14,318,"fall",-110.761811864279,45.0149072408553
"246","18-212","coyote",2018-11-20,523157,4983244,"yearling",2018,11,20,324,"fall",-110.706174901073,45.0022649926092
"247","18-213","mule deer",2018-11-18,517417,4984183,"young",2018,11,18,322,"fall",-110.778973137225,45.0108818830777
"248","18-219","elk",2018-11-14,527714,4986522,"yearling",2018,11,14,318,"fall",-110.648174251868,45.0316092708309
"249","18-223","mule deer",2018-11-26,529263,4984134,"adult",2018,11,26,330,"fall",-110.62864927804,45.0100509296392
"250","18-225","mule deer",2018-11-24,523662,4986060,"young",2018,11,24,328,"fall",-110.69963486653,45.0275973391661
"251","18-227","mule deer",2018-11-23,517381,4983491,"adult",2018,11,23,327,"fall",-110.779453889917,45.0046534874941
"252","18-229","mule deer",2018-11-30,527977,4982458,"yearling",2018,11,30,334,"fall",-110.645061609133,44.9950158941889
"253","18-233","elk",2018-11-19,528446,4985670,"adult",2018,11,19,323,"fall",-110.638930006488,45.0239108142131
"254","18-234","mule deer",2018-11-25,534732,4985093,"adult",2018,11,25,329,"fall",-110.559182731855,45.0184367504115
"255","18-236","mule deer",2018-12-01,515879,4987817,"young",2018,12,1,335,"fall",-110.798375876986,45.0436306316622
"256","18-243","mule deer",2018-12-04,523909,4988794,"young",2018,12,4,338,"fall",-110.696369357274,45.0521998000719
"257","18-251","elk",2018-12-13,530666,4985112,"young",2018,12,13,347,"fall",-110.610785824476,45.0187953097798
"258","18-252","mule deer",2018-12-05,513436,4986424,"adult",2018,12,5,339,"fall",-110.829433056561,45.0311416360775
"259","18-254","pronghorn",2018-12-14,520125,4985812,"old adult",2018,12,14,348,"fall",-110.744542943864,45.0254741516652
"260","18-255","mule deer",2018-12-08,526285,4976615,"young",2018,12,8,342,"fall",-110.666831917656,44.9424829327345
"261","18-257","mule deer",2018-12-10,527715,4988710,"adult",2018,12,10,344,"fall",-110.648040819871,45.0513049325488
"262","18-262","elk",2018-12-04,525942,4980755,"old adult",2018,12,4,338,"fall",-110.670966503133,44.9797631507656
"263","18-263","pronghorn",2018-12-10,526484,4982664,"adult",2018,12,10,344,"fall",-110.663991818204,44.9969275566991
"264","18-269","elk",2018-12-10,524512,4986532,"young",2018,12,10,344,"fall",-110.688822112178,45.0318172768241
"265","18-272","elk",2018-02-01,527620,4978021,"unk",2018,2,1,32,"winter",-110.649833865275,44.9550889023147
"266","18-273","mule deer",2018-02-12,528635,4984170,"unk",2018,2,12,43,"winter",-110.636616456458,45.0104006266559
"267","18-274","mule deer",2018-02-12,527184,4988977,"adult",2018,2,12,43,"winter",-110.654769528016,45.0537289631273
"268","18-275","mule deer",2018-02-19,539757,4980194,"young",2018,2,19,50,"winter",-110.495794809982,44.974074020165
"269","18-276","elk",2018-02-11,539304,4981834,"young",2018,2,11,42,"winter",-110.501411678887,44.9888618876054
"270","18-277","mule deer",2018-02-20,526259,4986923,"young",2018,2,20,51,"winter",-110.666624015691,45.0352743689298
"271","18-278","mule deer",2018-02-22,526173,4986685,"young",2018,2,22,53,"winter",-110.667728223984,45.0331351411119
"272","18-279","elk",2018-02-02,533055,4970931,"adult",2018,2,2,33,"winter",-110.58139441121,44.8910340304451
"273","18-280","mule deer",2018-02-25,525714,4980262,"yearling",2018,2,25,56,"winter",-110.673883433959,44.9753335499966
"274","18-281","mule deer",2018-02-17,524964,4982122,"yearling",2018,2,17,48,"winter",-110.683302953681,44.9921036910245
"275","18-282","mule deer",2018-02-20,527423,4985818,"unk",2018,2,20,51,"winter",-110.651906804098,45.0252833835485
"276","18-283","mule deer",2018-02-24,539784,4981531,"adult",2018,2,24,55,"winter",-110.495346838602,44.9861076590881
"277","18-284","fox",2018-03-03,528749,4985369,"adult",2018,3,3,62,"winter",-110.635101265144,45.0211890758893
"278","18-285","fox",2018-03-07,546660,4976934,"adult",2018,3,7,66,"winter",-110.408555644715,44.944309049627
"279","18-286","mule deer",2018-03-08,517105,4985220,"young",2018,3,8,67,"winter",-110.782897211299,45.0202243828419
"280","18-287","mule deer",2018-03-07,518445,4984748,"adult",2018,3,7,66,"winter",-110.765906901119,45.015941924927
"281","18-288","mule deer",2018-03-07,518589,4984661,"adult",2018,3,7,66,"winter",-110.764082568854,45.015155005441
"282","18-289","cougar",2018-03-05,534660,4981732,"yearling",2018,3,5,64,"winter",-110.560328004035,44.9881857072804
"283","18-290","mule deer",2018-03-09,529307,4984208,"yearling",2018,3,9,68,"winter",-110.62808661393,45.0107152400615
"284","18-291","mule deer",2018-03-04,526525,4987556,"young",2018,3,4,63,"winter",-110.663213597344,45.0409625443733
"285","18-292","mule deer",2018-03-10,526426,4987578,"young",2018,3,10,69,"winter",-110.664469415524,45.0411642817622
"286","18-293","mule deer",2018-03-17,515820,4988558,"unk",2018,3,17,76,"winter",-110.799101679801,45.0503022836054
"287","18-294","mule deer",2018-03-14,532057,4983747,"young",2018,3,14,73,"winter",-110.593218621329,45.0064464862526
"288","18-295","mule deer",2018-03-20,544253,4977544,"young",2018,3,20,79,"winter",-110.439010873361,44.949953939471
"289","18-296","mule deer",2018-03-13,527565,4986286,"unk",2018,3,13,72,"winter",-110.65007869772,45.0294906784851
"290","18-297","mule deer",2018-03-15,528223,4986421,"adult",2018,3,15,74,"winter",-110.641718358638,45.0306800104833
"291","18-298","elk",2018-03-24,542343,4978854,"unk",2018,3,24,83,"spring",-110.463112642156,44.9618624036366
"292","18-299","unk deer",2018-03-21,516848,4988807,"yearling",2018,3,21,80,"spring",-110.786038830002,45.0525200176633
"293","18-300","mule deer",2018-03-27,516923,4988478,"adult",2018,3,27,86,"spring",-110.785097465256,45.0495566427424
"294","18-301","beaver",2018-03-29,531649,4984767,"unk",2018,3,29,88,"spring",-110.598331561314,45.0156465308684
"295","18-302","elk",2018-05-28,530838,4981448,"young",2018,5,28,148,"spring",-110.608827352028,44.9858055720754
"296","18-303","elk",2018-05-24,526832,4985223,"young",2018,5,24,144,"spring",-110.65944027004,45.019949971465
"297","18-304","elk",2018-05-20,531647,4981627,"yearling",2018,5,20,140,"spring",-110.598554383044,44.9873812718531
"298","18-305","elk",2018-05-21,531712,4982214,"young",2018,5,21,141,"spring",-110.597692907834,44.9926623806206
"299","18-306","elk",2018-05-22,531944,4982155,"young",2018,5,22,142,"spring",-110.59475350879,44.9921208738355
"300","18-307","elk",2018-05-18,536190,4983333,"young",2018,5,18,138,"spring",-110.540805044854,45.0025209739424
"301","18-308","elk",2018-05-19,526067,4983991,"young",2018,5,19,139,"spring",-110.669213564324,45.0088883512701
"302","18-309","mule deer",2018-05-17,518189,4984161,"yearling",2018,5,17,137,"spring",-110.769177103084,45.0106644623688
"303","18-310","elk",2018-05-23,517052,4986143,"young",2018,5,23,143,"spring",-110.783538592376,45.0285343433396
"304","18-311","elk",2018-05-25,543050,4975996,"young",2018,5,25,145,"spring",-110.454392439336,44.9360933409587
"305","18-312","mule deer",2018-05-27,527392,4985499,"young",2018,5,27,147,"spring",-110.652317676379,45.0224130324662
"306","18-313","elk",2018-06-02,533678,4980582,"young",2018,6,2,153,"spring",-110.572861479853,44.9778810254142
"307","18-314","bh sheep",2018-06-01,517785,4983518,"yearling",2018,6,1,152,"spring",-110.774326651533,45.0048865229035
"308","18-315","mule deer",2018-05-31,519148,4984508,"yearling",2018,5,31,151,"spring",-110.756994054358,45.0137628512828
"309","18-316","elk",2018-05-29,531161,4980658,"young",2018,5,29,149,"spring",-110.604779133675,44.9786800901743
"310","18-317","elk",2018-05-20,549683,4975557,"young",2018,5,20,140,"spring",-110.370374972687,44.9317091457301
"311","18-318","elk",2018-05-22,549061,4976059,"young",2018,5,22,142,"spring",-110.378208254529,44.9362710829397
"312","18-319","elk",2018-05-26,543809,4981218,"young",2018,5,26,146,"spring",-110.44431992292,44.9830531658631
"313","18-320","elk",2018-05-27,544748,4981671,"young",2018,5,27,147,"spring",-110.432369840883,44.9870722780488
"314","18-321","elk",2018-06-02,541433,4979592,"young",2018,6,2,153,"spring",-110.474589842557,44.9685592451592
"315","18-322","elk",2018-05-29,541214,4980848,"young",2018,5,29,149,"spring",-110.477264153108,44.9798779879373
"316","18-323","elk",2018-06-05,538168,4982514,"young",2018,6,5,156,"spring",-110.515770267701,44.9950449900274
"317","18-324","elk",2018-06-03,526177,4984255,"young",2018,6,3,154,"spring",-110.667803966795,45.0112607642899
"318","18-325","elk",2018-05-29,527131,4980794,"young",2018,5,29,149,"spring",-110.655884073181,44.9800697776245
"319","18-326","elk",2018-06-05,540652,4977878,"young",2018,6,5,156,"spring",-110.484631413083,44.9531755942641
"320","18-327","mule deer",2018-06-08,540078,4978408,"young",2018,6,8,159,"spring",-110.491865947345,44.9579790706668
"321","18-328","marmot",2018-06-09,539560,4980128,"unk",2018,6,9,160,"spring",-110.498298282291,44.9734909156188
"322","18-329","pronghorn",2018-06-05,525673,4978479,"adult",2018,6,5,156,"spring",-110.674494193445,44.9592847648326
"323","18-330","elk",2018-06-09,528663,4968363,"young",2018,6,9,160,"spring",-110.637158428683,44.8681073788856
"324","18-331","elk",2018-06-07,528249,4974032,"young",2018,6,7,158,"spring",-110.642082703535,44.9191557916027
"325","18-332","mule deer",2018-06-08,528916,4969623,"young",2018,6,8,159,"spring",-110.633883886934,44.8794396068561
"326","18-333","elk",2018-06-11,527032,4984141,"young",2018,6,11,162,"spring",-110.656960010806,45.0102024893134
"327","18-334","elk",2018-06-07,530285,4983955,"young",2018,6,7,158,"spring",-110.615691046913,45.0083967170805
"328","18-335","elk",2018-06-09,528567,4983054,"young",2018,6,9,160,"spring",-110.637542728188,45.0003574292993
"329","18-336","bh sheep",2018-06-06,516348,4985391,"young",2018,6,6,157,"spring",-110.792499701939,45.021781557012
"330","18-337","marmot",2018-06-11,542804,4975690,"unk",2018,6,11,162,"spring",-110.457535990073,44.9333536952993
"331","18-338","marmot",2018-06-14,545378,4978744,"unk",2018,6,14,165,"spring",-110.424642184038,44.9606848489125
"332","18-339","elk",2018-06-18,531408,4978859,"young",2018,6,18,169,"spring",-110.601758544884,44.9624750474451
"333","18-340","elk",2018-06-15,549431,4975133,"young",2018,6,15,166,"spring",-110.373609825004,44.9279100713016
"334","18-341","elk",2018-06-18,529919,4982926,"young",2018,6,18,169,"spring",-110.620396567931,44.999149478052
"335","18-342","elk",2018-06-21,527260,4982562,"young",2018,6,21,172,"summer",-110.654152240075,44.9959799862853
"336","18-343","mule deer",2018-06-15,530876,4981968,"young",2018,6,15,166,"spring",-110.60831346422,44.9904848223857
"337","18-344","mountain goat",2018-06-14,519064,4982286,"young",2018,6,14,165,"spring",-110.758144258106,44.9937630243474
"338","18-345","bh sheep",2018-06-15,518093,4982739,"young",2018,6,15,166,"spring",-110.770446483577,44.9978662902753
"339","18-346","elk",2018-06-17,519903,4980961,"young",2018,6,17,168,"spring",-110.747552732119,44.9818125245501
"340","18-347","elk",2018-06-23,543235,4981182,"young",2018,6,23,174,"summer",-110.45160338044,44.9827643025872
"341","18-348","elk",2018-06-17,529140,4979910,"yearling",2018,6,17,168,"spring",-110.630454555824,44.9720325870007
"342","18-349","elk",2018-06-21,526836,4977969,"young",2018,6,21,172,"summer",-110.659775998877,44.9546508494637
"343","18-350","elk",2018-06-24,513892,4988571,"young",2018,6,24,175,"summer",-110.823584884822,45.0504597509845
"344","18-351","elk",2018-06-25,529259,4971642,"adult",2018,6,25,176,"summer",-110.629424445331,44.8976004687727
"345","18-352","mule deer",2018-06-18,526066,4977023,"adult",2018,6,18,169,"spring",-110.66958667645,44.9461637579202
"346","18-353","marmot",2018-06-27,531201,4980373,"unk",2018,6,27,178,"summer",-110.604289463884,44.9761128352809
"347","18-354","mule deer",2018-06-28,525357,4971878,"young",2018,6,28,179,"summer",-110.678831989077,44.8998745932187
"348","18-355","elk",2018-07-02,526136,4973972,"young",2018,7,2,183,"summer",-110.66885723508,44.9186964410936
"349","18-356","elk",2018-06-27,543444,4978986,"yearling",2018,6,27,178,"summer",-110.449141797914,44.9629841318044
"350","18-357","fox",2018-07-07,544464,4978199,"unk",2018,7,7,188,"summer",-110.436278466333,44.9558367947309
"351","18-358","marmot",2018-07-09,535973,4978826,"unk",2018,7,9,190,"summer",-110.543880159571,44.9619614878229
"352","18-359","unk",2018-07-04,528916,4981161,"young",2018,7,4,185,"summer",-110.633223419641,44.9833029674269
"353","18-360","elk",2018-07-02,531291,4967886,"young",2018,7,2,183,"summer",-110.603921091303,44.8637029233408
"354","18-361","marmot",2018-07-08,532985,4986304,"unk",2018,7,8,189,"summer",-110.581275524496,45.0294211766316
"355","18-362","elk",2018-07-07,538636,4983452,"unk",2018,7,7,188,"summer",-110.509761065196,45.0034631608681
"356","18-363","marmot",2018-07-10,530703,4985352,"unk",2018,7,10,191,"summer",-110.610301574934,45.0209541133265
"357","18-364","elk",2018-07-13,540276,4978838,"young",2018,7,13,194,"summer",-110.48932134322,44.9618385758773
"358","18-365","marmot",2018-07-14,531929,4983717,"unk",2018,7,14,195,"summer",-110.594844716594,45.0061822090904
"359","18-366","elk",2018-07-12,525042,4981402,"young",2018,7,12,193,"summer",-110.682349249593,44.9856196423654
"360","18-367","unk deer",2018-07-05,506716,4959998,"young",2018,7,5,186,"summer",-110.915092768372,44.7933488504262
"361","18-368","unk deer",2018-07-05,506713,4959980,"adult",2018,7,5,186,"summer",-110.915130933411,44.7931868382168
"362","18-369","elk",2018-07-15,528106,4978190,"young",2018,7,15,196,"summer",-110.64366306439,44.9565911525609
"363","18-370","bh sheep",2018-07-15,548465,4974100,"young",2018,7,15,196,"summer",-110.385949342748,44.9186779725302
"364","18-371","mule deer",2018-06-20,529723,4962865,"adult",2018,6,20,171,"spring",-110.624062317368,44.8185710688398
"365","18-372","mule deer",2018-06-20,529723,4962865,"young",2018,6,20,171,"spring",-110.624062317368,44.8185710688398
"366","18-373","mule deer",2018-06-27,526536,4967337,"adult",2018,6,27,178,"summer",-110.664137099037,44.8589537088619
"367","18-374","mule deer",2018-07-14,525092,4967306,"adult",2018,7,14,195,"summer",-110.682414875469,44.8587269323206
"368","18-375","pronghorn",2018-07-17,526716,4983815,"adult",2018,7,17,198,"summer",-110.660987336964,45.0072798915622
"369","18-376","mule deer",2018-07-17,551165,4974094,"young",2018,7,17,198,"summer",-110.351743131974,44.9184349137359
"370","18-377","marmot",2018-07-17,551165,4974094,"unk",2018,7,17,198,"summer",-110.351743131974,44.9184349137359
"371","18-378","elk",2018-07-16,520830,4981511,"young",2018,7,16,197,"summer",-110.735772155182,44.9867369499446
"372","18-379","mule deer",2018-07-18,533679,4967478,"young",2018,7,18,199,"summer",-110.573721893371,44.8599213198777
"373","18-380","elk",2018-07-28,525595,4979947,"young",2018,7,28,209,"summer",-110.67540861749,44.972502275096
"374","19-055","mule deer",2019-02-18,518433,4984789,"young",2019,2,18,49,"winter",-110.766057694047,45.0163113118751
"375","19-071","elk",2019-02-28,533829,4969485,"adult",2019,2,28,59,"winter",-110.571689414361,44.8779809962684
"376","19-074","mule deer",2019-03-05,514876,4987807,"young",2019,3,5,64,"winter",-110.811111726929,45.0435623871759
"377","19-082","mule deer",2019-02-24,529738,4985342,"adult",2019,2,24,55,"winter",-110.622550177217,45.0209052329927
"378","19-083","mule deer",2019-03-04,529716,4985298,"young",2019,3,4,63,"winter",-110.622832006813,45.020510080752
"379","19-084","elk",2019-02-25,529369,4985105,"yearling",2019,2,25,56,"winter",-110.62724745591,45.0187872117088
"380","19-096","porcupine",2019-03-02,533376,4969691,"adult",2019,3,2,61,"winter",-110.57741113844,44.8798567478519
"381","19-099","mule deer",2019-03-16,526170,4986879,"adult",2019,3,16,75,"winter",-110.667756204448,45.0348815859167
"382","19-102","mule deer",2019-03-11,535541,4983021,"adult",2019,3,11,70,"winter",-110.549061621967,44.9997452731348
"383","19-103","elk",2019-03-12,536920,4982679,"yearling",2019,3,12,71,"winter",-110.531590753795,44.9965962927224
"384","19-104","elk",2019-03-16,534139,4982380,"young",2019,3,16,75,"winter",-110.566892917324,44.9940440502009
"385","19-106","mule deer",2019-02-22,526238,4986968,"young",2019,2,22,53,"winter",-110.66688827045,45.0356802241938
"386","19-107","mule deer",2019-02-23,526163,4986905,"young",2019,2,23,54,"winter",-110.667843718213,45.0351158891377
"387","19-108","mule deer",2019-03-05,526172,4986824,"young",2019,3,5,64,"winter",-110.667733678679,45.0343864174114
"388","19-109","elk",2019-03-05,526218,4986510,"young",2019,3,5,64,"winter",-110.667166079939,45.0315581759519
"389","19-110","elk",2019-02-15,526207,4986423,"adult",2019,2,15,46,"winter",-110.667310258221,45.0307754326855
"390","19-111","mule deer",2019-02-25,526168,4986410,"young",2019,2,25,56,"winter",-110.667806019732,45.0306598513781
"391","19-112","elk",2019-02-22,526147,4986391,"young",2019,2,22,53,"winter",-110.668073591776,45.0304895936654
"392","19-113","mule deer",2019-03-03,526150,4986385,"adult",2019,3,3,62,"winter",-110.66803582075,45.0304354726091
"393","19-115","elk",2019-03-02,526265,4986442,"young",2019,3,2,61,"winter",-110.666572985623,45.0309443182645
"394","19-120","elk",2019-03-11,526158,4986440,"yearling",2019,3,11,70,"winter",-110.667931402663,45.0309302723624
"395","19-121","mule deer",2019-03-21,527064,4986251,"young",2019,3,21,80,"spring",-110.656440364377,45.0291949273415
"396","19-122","mule deer",2019-03-19,527567,4986276,"adult",2019,3,19,78,"winter",-110.650053857907,45.0294005835704
"397","19-123","mule deer",2019-03-22,526737,4986374,"young",2019,3,22,81,"spring",-110.660584796558,45.0303145508595
"398","19-124","mule deer",2019-02-24,525313,4986164,"yearling",2019,2,24,55,"winter",-110.678672174533,45.0284764786042
"399","19-125","elk",2019-03-12,527396,4986191,"yearling",2019,3,12,71,"winter",-110.6522291912,45.0286420685603
"400","19-133","elk",2019-03-20,528837,4985514,"young",2019,3,20,79,"winter",-110.63397602493,45.0224907494771
"401","19-135","mule deer",2019-03-17,528609,4986147,"young",2019,3,17,76,"winter",-110.636833912015,45.0281980675025
"402","19-137","mule deer",2019-03-01,526220,4986800,"young",2019,3,1,60,"winter",-110.667125557979,45.0341686016033
"403","19-138","mule deer",2019-03-05,526222,4986790,"young",2019,3,5,64,"winter",-110.667100689418,45.0340785103863
"404","19-139","mule deer",2019-02-28,526244,4986851,"young",2019,2,28,59,"winter",-110.66681820866,45.0346268008652
"405","19-140","mule deer",2019-03-09,526495,4987512,"young",2019,3,9,68,"winter",-110.663596820072,45.0405675918779
"406","19-143","mule deer",2019-03-27,527910,4985662,"young",2019,3,27,86,"spring",-110.645733859776,45.0238601073499
"407","19-144","elk",2019-03-12,526777,4978457,"young",2019,3,12,71,"winter",-110.660498079049,44.9590459718237
"408","19-145","elk",2019-03-24,526659,4978307,"young",2019,3,24,83,"spring",-110.662002086184,44.95770013407
"409","19-148","mule deer",2019-03-16,540416,4981851,"yearling",2019,3,16,75,"winter",-110.487304668927,44.9889524611954
"410","19-149","elk",2019-03-18,540914,4981331,"young",2019,3,18,77,"winter",-110.481029808718,44.9842431062559
"411","19-155","mule deer",2019-03-28,531085,4985095,"young",2019,3,28,87,"spring",-110.605469034962,45.0186240340131
"412","19-156","elk",2019-03-29,528844,4985893,"young",2019,3,29,88,"spring",-110.633865430594,45.0259021107745
"413","19-165","elk",2019-04-27,526068,4977937,"old adult",2019,4,27,117,"spring",-110.669514111443,44.954391380807
"414","19-171","elk",2019-04-29,544791,4978047,"old adult",2019,4,29,119,"spring",-110.432146406599,44.9544480199851
"415","19-172","mule deer",2019-05-03,527106,4985779,"adult",2019,5,3,123,"spring",-110.655932665948,45.0249445096126
"416","19-173","pronghorn",2019-05-08,525904,4984825,"old adult",2019,5,8,128,"spring",-110.671239026834,45.0164017902449
"417","19-174","mule deer",2019-04-29,514362,4994649,"young",2019,4,29,119,"spring",-110.817442230486,45.1051630619537
"418","19-176","mule deer",2019-05-09,524610,4987414,"adult",2019,5,9,129,"spring",-110.687534823722,45.03975341179
"419","19-177","elk",2019-05-12,541850,4978982,"old adult",2019,5,12,132,"spring",-110.469352735955,44.9630438230109
"420","19-178","mule deer",2019-05-13,528214,4983995,"adult",2019,5,13,133,"spring",-110.641968734843,45.008842196815
"421","19-179","mule deer",2019-05-09,527286,4984804,"adult",2019,5,9,129,"spring",-110.653700806821,45.0161609168211
"422","19-180","elk",2019-05-05,540787,4983897,"unk",2019,5,5,125,"spring",-110.482432780877,45.0073484334377
"423","19-186","mule deer",2019-05-07,516466,4989985,"adult",2019,5,7,127,"spring",-110.790851352846,45.0631330946067
"424","19-187","mule deer",2019-05-10,514881,4989179,"young",2019,5,10,130,"spring",-110.811007571425,45.0559127508447
"425","19-188","mule deer",2019-04-26,514024,4989950,"young",2019,4,26,116,"spring",-110.821870083459,45.0628706230818
"426","19-196","mule deer",2019-04-29,525237,4987090,"adult",2019,4,29,119,"spring",-110.679590409122,45.0368147950226
"427","19-197","mule deer",2019-05-18,525834,4987468,"adult",2019,5,18,138,"spring",-110.671991564964,45.0401959287659
"428","19-198","mule deer",2019-05-17,525598,4987587,"young",2019,5,17,137,"spring",-110.674981890094,45.0412756997002
"429","19-199","elk",2019-04-30,526303,4987339,"young",2019,4,30,120,"spring",-110.666043633926,45.0390174504704
"430","19-203","elk",2019-05-18,534842,4980458,"old adult",2019,5,18,138,"spring",-110.558107457821,44.9767086471045
"431","19-204","elk",2019-05-02,529350,4985895,"adult",2019,5,2,122,"spring",-110.627442480511,45.0258993424216
"432","19-205","elk",2019-05-12,529682,4985732,"old adult",2019,5,12,132,"spring",-110.623237916738,45.0244182414233
"433","19-206","elk",2019-05-04,528872,4986105,"young",2019,5,4,124,"spring",-110.633497839145,45.0278093312185
"434","19-207","elk",2019-05-18,525967,4984140,"young",2019,5,18,138,"spring",-110.670474838049,45.0102332823289
"435","19-208","elk",2019-05-20,526299,4984698,"young",2019,5,20,140,"spring",-110.666232604533,45.0152440271088
"436","19-209","elk",2019-05-20,533567,4983054,"young",2019,5,20,140,"spring",-110.574104496378,45.0001384732401
"437","19-214","mule deer",2019-05-27,514427,4987760,"yearling",2019,5,27,147,"spring",-110.816814232929,45.0431485888997
"438","19-215","mule deer",2019-05-26,514967,4987215,"adult",2019,5,26,146,"spring",-110.809973900244,45.0382313971248
"439","19-219","elk",2019-05-21,527909,4989507,"yearling",2019,5,21,141,"spring",-110.645532897475,45.0584716428235
"440","19-223","elk",2019-05-24,528652,4977504,"young",2019,5,24,144,"spring",-110.636779793048,44.9503940961276
"441","19-224","elk",2019-06-04,528868,4983270,"young",2019,6,4,155,"spring",-110.633711337519,45.0022896209421
"442","19-229","elk",2019-06-01,536022,4982774,"young",2019,6,1,152,"spring",-110.542976641381,44.9974976079189
"443","19-230","elk",2019-05-25,528562,4979252,"young",2019,5,25,145,"spring",-110.637821722294,44.9661328882457
"444","19-236","elk",2019-06-08,524977,4982626,"young",2019,6,8,159,"spring",-110.683113033824,44.9966401398344
"445","19-239","mule deer",2019-06-10,516741,4982109,"young",2019,6,10,161,"spring",-110.787620703001,44.9922283000874
"446","19-241","marmot",2019-06-16,528334,4984485,"unk",2019,6,16,167,"spring",-110.640418384512,45.0132482615844
"447","19-242","elk",2019-06-13,524992,4983805,"young",2019,6,13,164,"spring",-110.682864183358,45.0072527172468
"448","19-246","mule deer",2019-06-12,515768,4989840,"yearling",2019,6,12,163,"spring",-110.799721745301,45.0618437294449
"449","19-247","porcupine",2019-05-23,536570,4989763,"adult",2019,5,23,143,"spring",-110.535515656086,45.0603816539965
"450","19-248","elk",2019-06-08,534491,4982719,"young",2019,6,8,159,"spring",-110.562404147357,44.9970785943595
"451","19-249","elk",2019-06-14,534405,4983077,"young",2019,6,14,165,"spring",-110.563470750132,45.0003053667538
"452","19-250","elk",2019-06-09,537592,4982619,"yearling",2019,6,9,160,"spring",-110.523069768302,44.9960209099755
"453","19-254","mule deer",2019-06-03,516972,4986921,"yearling",2019,6,3,154,"spring",-110.784527843489,45.0355396738405
"454","19-257","elk",2019-06-22,549686,4974762,"young",2019,6,22,173,"summer",-110.370415137916,44.9245527464699
"455","19-259","elk",2019-06-20,546469,4976504,"young",2019,6,20,171,"spring",-110.41101613802,44.9404508987122
"456","19-260",NA,2019-06-19,545060,4978854,"unk",2019,6,19,170,"spring",-110.428664148517,44.9616952595417
"457","19-261","elk",2019-06-21,525559,4979257,"young",2019,6,21,172,"summer",-110.675900137423,44.9662923081665
"458","19-263","elk",2019-06-26,522641,4983592,"young",2019,6,26,177,"summer",-110.712706371381,45.0054142782629
"459","19-264","elk",2019-06-25,521813,4984288,"young",2019,6,25,176,"summer",-110.723182634905,45.011705483333
"460","19-265","elk",2019-06-22,522541,4982500,"young",2019,6,22,173,"summer",-110.714024168529,44.9955874823473
"461","19-266","fox",2019-06-22,521571,4982871,"young",2019,6,22,173,"summer",-110.726314438588,44.9989573128588
"462","19-268","beaver",2019-06-26,543881,4978200,"old adult",2019,6,26,177,"summer",-110.443669393414,44.9558820403133
"463","19-272","mule deer",2019-06-26,529121,4975410,"adult",2019,6,26,177,"summer",-110.630955198511,44.9315251932244
"464","19-273","elk",2019-07-02,526743,4977513,"young",2019,7,2,183,"summer",-110.660979190345,44.9505495147766
"465","19-275","elk",2019-07-03,519545,4985558,"young",2019,7,3,184,"summer",-110.751914989909,45.0232039238625
"466","19-280","elk",2019-06-30,521272,4979385,"young",2019,6,30,181,"summer",-110.730255203189,44.9675858792022
"467","19-281","elk",2019-05-24,542647,4966884,"adult",2019,5,24,144,"spring",-110.460267576072,44.8540942051338
"468","19-282","elk",2019-06-18,542435,4966667,"young",2019,6,18,169,"spring",-110.462968644889,44.8521534706231
"469","19-283","elk",2019-06-17,542925,4965405,"young",2019,6,17,168,"spring",-110.456874545833,44.8407639157497
"470","19-284","elk",2019-05-24,542647,4966884,"young",2019,5,24,144,"spring",-110.460267576072,44.8540942051338
"471","19-291","elk",2019-07-08,556744,4973434,"young",2019,7,8,189,"summer",-110.281136969715,44.9120709345569
"472","19-294","elk",2018-10-17,571945,4958793,"old adult",2018,10,17,290,"fall",-110.090660208961,44.7789123611566
"473","19-340","coyote",2019-11-10,526822,4982707,"adult",2019,11,10,314,"fall",-110.659701323992,44.9973019359185
"474","19-345","elk",2019-11-10,539692,4984049,"adult",2019,11,10,314,"fall",-110.496315262779,45.0087787954556
"475","19-346","mule deer",2019-11-12,518201,4984152,"young",2019,11,12,316,"fall",-110.769025146988,45.0105831379565
"476","19-347","mule deer",2019-11-13,526453,4981962,"adult",2019,11,13,317,"fall",-110.66442199667,44.9906094619834
"477","19-353","mule deer",2019-11-18,528703,4983233,"adult",2019,11,18,322,"fall",-110.635806990823,45.0019632519058
"478","19-359","elk",2019-12-17,525850,4983430,"young",2019,12,17,351,"fall",-110.671996038222,45.0038463012351
"479","19-360","coyote",2019-11-22,528203,4980299,"adult",2019,11,22,326,"fall",-110.642315329327,44.9755721159239
"480","19-361","coyote",2019-11-17,527311,4980301,"young",2019,11,17,321,"fall",-110.653627804571,44.9756249897253
"481","19-362","mule deer",2019-11-22,527017,4979751,"adult",2019,11,22,326,"fall",-110.657385877343,44.9706852426959
"482","19-371","mule deer",2019-11-19,529111,4979890,"adult",2019,11,19,323,"fall",-110.630823473201,44.9718537407321
"483","19-372","mule deer",2019-11-30,529765,4982260,"adult",2019,11,30,334,"fall",-110.622389807791,44.9931607986704
"484","19-373","mule deer",2019-11-29,528211,4982667,"adult",2019,11,29,333,"fall",-110.642081245986,44.996887996666
"485","19-374","fox",2019-11-29,528182,4982754,"unk",2019,11,29,333,"fall",-110.642444297333,44.9976723018972
"486","19-388","elk",2019-12-03,528845,4983482,"young",2019,12,3,337,"fall",-110.633991013522,45.0041989249986
"487","19-390","elk",2019-12-06,539144,4982239,"yearling",2019,12,6,340,"fall",-110.50340979122,44.9925163796213
"488","19-396","mule deer",2019-12-13,525345,4984385,"adult",2019,12,13,347,"fall",-110.678355642206,45.0124612171274
"489","20-045","mule deer",2020-02-28,528367,4985611,"adult",2020,2,28,59,"winter",-110.639936076488,45.0233828790703
"490","20-051","mule deer",2020-03-05,533622,4982534,"adult",2020,3,5,65,"winter",-110.573441410728,44.9954549948286
"491","20-056","elk",2020-02-28,533343,4984081,"old adult",2020,2,28,59,"winter",-110.576878464407,45.0093937553293
"492","20-058","mule deer",2020-03-09,526098,4979152,"young",2020,3,9,69,"winter",-110.669070917203,44.9653275155152
"493","20-068","elk",2020-03-05,544393,4973259,"young",2020,3,5,65,"winter",-110.437612752267,44.9113733426138
"494","20-072","elk",2020-03-01,524593,4986694,"adult",2020,3,1,61,"winter",-110.687785910151,45.0332727526133
"495","20-073","mule deer",2020-03-05,524589,4986686,"young",2020,3,5,65,"winter",-110.687837081858,45.0332008774984
"496","20-074","elk",2020-03-12,526856,4978432,"young",2020,3,12,72,"winter",-110.659497797558,44.9588179440726
"497","20-099","mule deer",2020-03-13,535995,4981551,"adult",2020,3,13,73,"winter",-110.543406611273,44.9864899560919
"498","20-100","mule deer",2020-03-23,516305,4989512,"old adult",2020,3,23,83,"spring",-110.792911708273,45.0588789833071
"499","20-114","marmot",2020-03-03,529090,4984477,"adult",2020,3,3,63,"winter",-110.630824786176,45.0131456374369
"500","20-120","mule deer",2020-05-07,528857,4976522,"adult",2020,5,7,128,"spring",-110.634237209822,44.9415460055355
"501","20-123","mule deer",2020-04-26,538283,4979526,"adult",2020,4,26,117,"spring",-110.514538379678,44.9681419170714
"502","20-124","mule deer",2020-04-28,537478,4979931,"adult",2020,4,28,119,"spring",-110.524716013786,44.9718305264362
"503","20-125","elk",2020-05-01,538944,4979824,"adult",2020,5,1,122,"spring",-110.506133616022,44.9707884688713
"504","20-126","bird",2020-05-07,534493,4980656,"unk",2020,5,7,128,"spring",-110.562520056768,44.9785080240717
"505","20-127","mule deer",2020-05-03,525619,4979491,"old adult",2020,5,3,124,"spring",-110.675127432234,44.9683965756566
"506","20-128","elk",2020-05-09,526698,4979600,"young",2020,5,9,130,"spring",-110.661439178327,44.9693380325404
"507","20-129","elk",2020-05-04,526060,4983322,"adult",2020,5,4,125,"spring",-110.669337039397,45.0028664259723
"508","20-132","elk",2020-05-12,545583,4978561,"young",2020,5,12,133,"spring",-110.422059612977,44.959024444546
"509","20-136","elk",2020-05-20,523628,4982901,"young",2020,5,20,141,"spring",-110.700214851297,44.999161842704
"510","20-141","elk",2020-05-22,527098,4984243,"unk",2020,5,22,143,"spring",-110.656116981975,45.0111181488117
"511","20-144","mule deer",2020-05-20,535012,4980199,"yearling",2020,5,20,141,"spring",-110.555969446954,44.9743688454653
"512","20-145","mule deer",2020-05-22,536127,4979185,"adult",2020,5,22,143,"spring",-110.541901860115,44.9651852817724
"513","20-148","elk",2020-05-31,542768,4978828,"young",2020,5,31,152,"spring",-110.457726306855,44.9616029028841
"514","20-149","elk",2020-05-30,525769,4975459,"young",2020,5,30,151,"spring",-110.673431211481,44.932095652253
"515","20-150","elk",2020-05-30,524901,4977877,"young",2020,5,30,151,"spring",-110.68431187995,44.9538931238678
"516","20-152","elk",2020-05-25,541451,4977026,"young",2020,5,25,146,"spring",-110.474572434327,44.9454600485564
"517","20-153","mule deer",2020-05-27,541365,4975526,"adult",2020,5,27,148,"spring",-110.475785390303,44.9319625886755
"518","20-154","elk",2020-06-01,533044,4981533,"yearling",2020,6,1,153,"spring",-110.580839918456,44.9864714460428
"519","20-155","elk",2020-06-04,536085,4978913,"young",2020,6,4,156,"spring",-110.542453875383,44.9627389552371
"520","20-159","marmot",2020-06-06,547991,4971113,"unk",2020,6,6,158,"spring",-110.392237961193,44.8918224159391
"521","20-160","elk",2020-06-07,545223,4972724,"young",2020,6,7,159,"spring",-110.427146359408,44.9065052144622
"522","20-161","elk",2020-06-08,524042,4983618,"adult",2020,6,8,160,"spring",-110.694927962583,45.0056022213612
"523","20-163","bh sheep",2020-06-12,544856,4978993,"yearling",2020,6,12,164,"spring",-110.431238265002,44.9629593843734
"524","20-164","mule deer",2020-06-10,541986,4979226,"adult",2020,6,10,162,"spring",-110.46760805026,44.9652321867486
"525","20-165","mule deer",2020-06-15,532418,4981244,"adult",2020,6,15,167,"spring",-110.588799062664,44.9838988172503
"526","20-169","elk",2020-06-14,519526,4984678,"adult",2020,6,14,166,"spring",-110.752190327139,45.0152828526555
"527","20-170","elk",2020-06-16,520003,4979700,"young",2020,6,16,168,"spring",-110.746334407051,44.9704583475455
"528","20-175","elk",2020-06-19,534971,4979504,"young",2020,6,19,171,"spring",-110.556537617638,44.9681146826459
"529","20-176","unk small mammal",2020-06-20,535185,4980753,"unk",2020,6,20,172,"summer",-110.553736806678,44.9793472305818
"530","20-177","mule deer",2020-06-22,524190,4976260,"young",2020,6,22,174,"summer",-110.693403109109,44.9393616401953
"531","20-178","elk",2020-06-20,524939,4977272,"yearling",2020,6,20,172,"summer",-110.683860033236,44.9484456615826
"532","20-179","elk",2020-06-20,524945,4977262,"young",2020,6,20,172,"summer",-110.683784469475,44.9483554323005
"533","20-180","elk",2020-06-29,524771,4977625,"young",2020,6,29,181,"summer",-110.685972331033,44.9516291972895
"534","20-181","elk",2020-06-24,549344,4975601,"young",2020,6,24,176,"summer",-110.374666512688,44.9321288149954
"535","20-183","pronghorn",2020-06-28,552185,4971083,"adult",2020,6,28,180,"summer",-110.339131277749,44.8912573795175
"536","20-186","pronghorn",2020-06-28,527076,4985541,"adult",2020,6,28,180,"summer",-110.656326279761,45.0228032451483
"537","20-187","marmot",2020-07-02,527599,4985387,"adult",2020,7,2,184,"summer",-110.649696455297,45.0213968105246
"538","20-188","grouse",2020-07-02,527599,4985387,"unk",2020,7,2,184,"summer",-110.649696455297,45.0213968105246
"539","20-189","elk",2020-07-04,521813,4981086,"yearling",2020,7,4,186,"summer",-110.723321379167,44.9828816358107
"540","20-190","elk",2020-06-19,521096,4979272,"young",2020,6,19,171,"spring",-110.73249171771,44.9665739161614
"541","20-191","elk",2020-07-06,522805,4983428,"young",2020,7,6,188,"summer",-110.710632819754,45.0039327284531
"542","20-236","mule deer",2020-11-14,521661,4982549,"adult",2020,11,14,319,"fall",-110.725186417462,44.9960559823286
"543","20-256","unk deer",2020-11-15,531821,4985235,"adult",2020,11,15,320,"fall",-110.596119089587,45.0198516166266
"544","20-257","elk",2020-11-14,531831,4985271,"young",2020,11,14,319,"fall",-110.595989890986,45.0201752278765
"545","20-261","elk",2020-11-24,525525,4977173,"adult",2020,11,24,329,"fall",-110.676436710962,44.9475336723502
"546","20-271","elk",2020-11-27,532787,4971792,"yearling",2020,11,27,332,"fall",-110.584732472385,44.8987970184188
"547","20-272","elk",2020-12-04,524474,4982192,"young",2020,12,4,339,"fall",-110.689515672575,44.9927508859157
"548","20-282","mule deer",2020-12-04,532123,4983581,"young",2020,12,4,339,"fall",-110.592391744921,45.0049492196959
"549","20-284","unk deer",2020-12-09,516923,4988736,"unk",2020,12,9,344,"fall",-110.785088767876,45.0518791028593
"550","20-290","bh sheep",2020-12-12,529586,4983846,"adult",2020,12,12,347,"fall",-110.624567395951,45.007445033062
"551","21-033","unk deer",2021-01-31,527956,4989557,"young",2021,1,31,31,"winter",-110.644933184967,45.0589198716076
"552","21-034","beaver",2021-02-05,527074,4988339,"adult",2021,2,5,36,"winter",-110.656200885696,45.0479901028222
"553","21-035","mule deer",2021-02-16,519841,4990155,"young",2021,2,16,47,"winter",-110.7479762687,45.0645768395675
"554","21-036","unk deer",2021-02-22,520504,4990605,"young",2021,2,22,53,"winter",-110.739536421437,45.0686087230885
"555","21-037","mule deer",2021-02-25,518908,4990728,"young",2021,2,25,56,"winter",-110.759805684743,45.0697603745216
"556","21-038","elk",2021-02-28,533450,4982408,"old adult",2021,2,28,59,"winter",-110.57563186681,44.9943289114876
"557","21-054","mule deer",2021-03-01,519904,4990950,"young",2021,3,1,60,"winter",-110.747144490222,45.0717314473676
"558","21-055","mule deer",2021-03-05,520069,4990870,"young",2021,3,5,64,"winter",-110.745051593263,45.071006649369
"559","21-058","elk",2021-02-17,540552,4981718,"yearling",2021,2,17,48,"winter",-110.485590225254,44.9877474929918
"560","21-070","elk",2021-03-09,535148,4982954,"young",2021,3,9,68,"winter",-110.554052467882,44.9991617414018
"561","21-071","unk deer",2021-03-09,519493,4990017,"unk",2021,3,9,68,"winter",-110.752401944005,45.0633442680901
"562","21-072","cottontail",2021-03-10,519533,4990061,"unk",2021,3,10,69,"winter",-110.751892159754,45.0637392421227
"563","21-075","elk",2021-03-12,528063,4984859,"young",2021,3,12,71,"winter",-110.643836661016,45.0166256848666
"564","21-085","mule deer",2021-03-18,519917,4991405,"young",2021,3,18,77,"winter",-110.74696126922,45.0758268653013
"565","21-089","mule deer",2021-03-22,525980,4987015,"young",2021,3,22,81,"spring",-110.670161295153,45.036112811828
"566","21-100","elk",2021-03-23,525826,4986915,"old adult",2021,3,23,82,"spring",-110.67212156749,45.0352182694133
"567","21-159","pronghorn",2021-08-30,526251,4984742,"adult",2021,8,30,242,"summer",-110.666839477985,45.0156418828013
"568","21-171","elk",2021-10-15,523570,4980824,"yearling",2021,10,15,288,"fall",-110.701047936814,44.9804669909031
"569","21-182","elk",2021-11-13,525547,4979869,"young",2021,11,13,317,"fall",-110.676021288613,44.9718018610495
"570","21-187","mule deer",2021-11-13,543539,4973836,"unk",2021,11,13,317,"fall",-110.448381353127,44.9166200539708
"571","21-192","coyote",2021-11-22,535117,4982061,"adult",2021,11,22,326,"fall",-110.554508061645,44.9911247921768
"572","21-204","bh sheep",2021-11-17,525622,4982002,"adult",2021,11,17,321,"fall",-110.674961705564,44.9910000229087
"573","21-205","unk deer",2021-11-23,526556,4981214,"unk",2021,11,23,327,"fall",-110.663154817632,44.983872275163
"574","21-208","elk",2021-11-28,533620,4980681,"young",2021,11,28,332,"fall",-110.573590469127,44.9787749437191
"575","21-211","unk deer",2021-12-01,528399,4979769,"unk",2021,12,1,335,"fall",-110.639859468774,44.9707933542492
"576","21-216","unk deer",2021-12-04,530495,4983624,"young",2021,12,4,338,"fall",-110.613046321866,45.0054081525915
"577","21-220","elk",2021-12-03,533117,4982177,"old adult",2021,12,3,337,"fall",-110.579871597081,44.9922651395287
"578","21-224","mule deer",2021-12-06,531949,4983264,"adult",2021,12,6,340,"fall",-110.594619697703,45.0021035407325
"579","21-227","unk deer",2021-12-12,540275,4980072,"unk",2021,12,12,346,"fall",-110.489235451765,44.9729466322789
"580","22-005","mule deer",2022-01-07,525007,4980390,"adult",2022,1,7,7,"winter",-110.682843436639,44.9765110355862
"581","22-007","mule deer",2022-01-07,531354,4980451,"young",2022,1,7,7,"winter",-110.602344216358,44.9768082317538
"582","22-008","elk",2022-01-09,523653,4977155,"young",2022,1,9,9,"winter",-110.700167303798,44.9474364036878
"583","22-014","unk deer",2021-12-12,526639,4979249,"adult",2021,12,12,346,"fall",-110.66220589724,44.9661806087299
"584","22-015","elk",2022-01-21,525567,4978794,"young",2022,1,21,21,"winter",-110.675822169415,44.9621241685869
